--PARKING1
INSERT INTO PARKING (PARKING_ID ,DESCRIPTION,FIXED_AMOUNT,NAME_UID,PRICINGPOLICY,MINUTE_PRICE ) VALUES (1, 'Parking1 POC', 0, 'PARKING1', 'HOUR', 0.1);
--Parking Slots for PARKING1
INSERT INTO PARKINGSLOT (PARKINGSLOT_ID, engineType, FLOOR, RESERVED, POSITION, VEHICLETYPE, PARKING_ID) VALUES (1 , 'GASOLINE' , 1 , 0 , 101, 'CAR' , 1);
INSERT INTO PARKINGSLOT (PARKINGSLOT_ID, engineType, FLOOR, RESERVED, POSITION, VEHICLETYPE, PARKING_ID) VALUES (2 , 'GASOLINE' , 1 , 0 , 102, 'CAR' , 1);
INSERT INTO PARKINGSLOT (PARKINGSLOT_ID, engineType, FLOOR, RESERVED, POSITION, VEHICLETYPE, PARKING_ID) VALUES (3 , 'E20KW' , 1 , 0 , 103, 'CAR' , 1);
INSERT INTO PARKINGSLOT (PARKINGSLOT_ID, engineType, FLOOR, RESERVED, POSITION, VEHICLETYPE, PARKING_ID) VALUES (4 , 'E20KW' , 1 , 0 , 104, 'CAR' , 1);
INSERT INTO PARKINGSLOT (PARKINGSLOT_ID, engineType, FLOOR, RESERVED, POSITION, VEHICLETYPE, PARKING_ID) VALUES (5 , 'E50KW' , 1 , 0 , 105, 'CAR' , 1);

--BILL
--PARKINGSLOT_ID  	ACTIVE  	AMOUNT  	CURRENCY  	PAYED  
--INSERT INTO BILL VALUES ( 1 , 0 , 0 , 'EUR' , 1);
--INSERT INTO BILL VALUES ( 2 , 0 , 0 , 'EUR' , 1);
--INSERT INTO BILL VALUES ( 3 , 0 , 0 , 'EUR' , 1);
--INSERT INTO BILL VALUES ( 4 , 0 , 0 , 'EUR' , 1);
--INSERT INTO BILL VALUES ( 5 , 0 , 0 , 'EUR' , 1);


--PARKING2
INSERT INTO PARKING (PARKING_ID ,DESCRIPTION,FIXED_AMOUNT,NAME_UID,PRICINGPOLICY,MINUTE_PRICE ) VALUES (2, 'Parking2 POC', 2, 'PARKING2', 'FEE_HOUR',0.05);
--Parking Slots
INSERT INTO PARKINGSLOT (PARKINGSLOT_ID, engineType, FLOOR, RESERVED, POSITION, VEHICLETYPE, PARKING_ID) VALUES (6 , 'GASOLINE' , 1 , 0 , 101, 'CAR' , 2);
INSERT INTO PARKINGSLOT (PARKINGSLOT_ID, engineType, FLOOR, RESERVED, POSITION, VEHICLETYPE, PARKING_ID) VALUES (7 , 'GASOLINE' , 1 , 0 , 102, 'CAR' , 2);
INSERT INTO PARKINGSLOT (PARKINGSLOT_ID, engineType, FLOOR, RESERVED, POSITION, VEHICLETYPE, PARKING_ID) VALUES (8 , 'E20KW' , 1 , 0 , 103, 'CAR' , 2);
INSERT INTO PARKINGSLOT (PARKINGSLOT_ID, engineType, FLOOR, RESERVED, POSITION, VEHICLETYPE, PARKING_ID) VALUES (9 , 'E50KW' , 1 , 0 , 104, 'CAR' , 2);
INSERT INTO PARKINGSLOT (PARKINGSLOT_ID, engineType, FLOOR, RESERVED, POSITION, VEHICLETYPE, PARKING_ID) VALUES (10 , 'E50KW' , 1 , 0 , 105, 'CAR' , 2);
INSERT INTO PARKINGSLOT (PARKINGSLOT_ID, engineType, FLOOR, RESERVED, POSITION, VEHICLETYPE, PARKING_ID) VALUES (11 , 'E50KW' , 1 , 0 , 106, 'CAR' , 2);
--BILL
--INSERT INTO BILL VALUES ( 6 , 0 , 0 , 'EUR' , 1);
--INSERT INTO BILL VALUES ( 7 , 0 , 0 , 'EUR' , 1);
--INSERT INTO BILL VALUES ( 8 , 0 , 0 , 'EUR' , 1);
--INSERT INTO BILL VALUES ( 9 , 0 , 0 , 'EUR' , 1);
--INSERT INTO BILL VALUES ( 10 , 0 , 0 , 'EUR' , 1);
--INSERT INTO BILL VALUES ( 11 , 0 , 0 , 'EUR' , 1);

